<?xml version="1.0" ?><dictionary><word>functions
<reiterations>1</reiterations></word><word>Which
<reiterations>4</reiterations></word><word>about
<reiterations>1</reiterations></word><word>your
<reiterations>1</reiterations></word><word>disadvantages
<reiterations>2</reiterations></word><word>games
<reiterations>5</reiterations></word><word>connection
<reiterations>1</reiterations></word><word>WLANs
<reiterations>1</reiterations></word><word>you
<reiterations>6</reiterations></word><word>trends
<reiterations>1</reiterations></word><word>between
<reiterations>2</reiterations></word><word>they
<reiterations>1</reiterations></word><word>10
<reiterations>1</reiterations></word><word>11
<reiterations>1</reiterations></word><word>12
<reiterations>1</reiterations></word><word>similar
<reiterations>1</reiterations></word><word>13
<reiterations>1</reiterations></word><word>14
<reiterations>1</reiterations></word><word>cookie
<reiterations>1</reiterations></word><word>15
<reiterations>1</reiterations></word><word>in
<reiterations>5</reiterations></word><word>16
<reiterations>1</reiterations></word><word>devices
<reiterations>2</reiterations></word><word>past
<reiterations>1</reiterations></word><word>work
<reiterations>1</reiterations></word><word>topology
<reiterations>2</reiterations></word><word>17
<reiterations>1</reiterations></word><word>18
<reiterations>1</reiterations></word><word>19
<reiterations>1</reiterations></word><word>them
<reiterations>2</reiterations></word><word>is
<reiterations>11</reiterations></word><word>classified
<reiterations>3</reiterations></word><word>it
<reiterations>4</reiterations></word><word>each
<reiterations>2</reiterations></word><word>dissimilar
<reiterations>1</reiterations></word><word>1
<reiterations>1</reiterations></word><word>How
<reiterations>5</reiterations></word><word>2
<reiterations>1</reiterations></word><word>3
<reiterations>1</reiterations></word><word>4
<reiterations>1</reiterations></word><word>Are
<reiterations>1</reiterations></word><word>5
<reiterations>1</reiterations></word><word>Web
<reiterations>1</reiterations></word><word>6
<reiterations>1</reiterations></word><word>broadband
<reiterations>2</reiterations></word><word>7
<reiterations>1</reiterations></word><word>8
<reiterations>1</reiterations></word><word>difference
<reiterations>1</reiterations></word><word>9
<reiterations>1</reiterations></word><word>geographical
<reiterations>1</reiterations></word><word>be
<reiterations>3</reiterations></word><word>In
<reiterations>1</reiterations></word><word>differences
<reiterations>1</reiterations></word><word>networks
<reiterations>4</reiterations></word><word>computer
<reiterations>1</reiterations></word><word>search
<reiterations>2</reiterations></word><word>are
<reiterations>10</reiterations></word><word>does
<reiterations>3</reiterations></word><word>have
<reiterations>2</reiterations></word><word>popular
<reiterations>1</reiterations></word><word>connect
<reiterations>1</reiterations></word><word>architecture
<reiterations>1</reiterations></word><word>Describe
<reiterations>1</reiterations></word><word>a
<reiterations>10</reiterations></word><word>gaming
<reiterations>1</reiterations></word><word>within
<reiterations>1</reiterations></word><word>minuses
<reiterations>1</reiterations></word><word>favourite
<reiterations>1</reiterations></word><word>performed
<reiterations>1</reiterations></word><word>the
<reiterations>13</reiterations></word><word>names
<reiterations>1</reiterations></word><word>s
<reiterations>1</reiterations></word><word>advantages
<reiterations>1</reiterations></word><word>LAN
<reiterations>1</reiterations></word><word>qualities
<reiterations>1</reiterations></word><word>to
<reiterations>5</reiterations></word><word>did
<reiterations>1</reiterations></word><word>essential
<reiterations>1</reiterations></word><word>prefer
<reiterations>1</reiterations></word><word>do
<reiterations>2</reiterations></word><word>used
<reiterations>1</reiterations></word><word>good
<reiterations>1</reiterations></word><word>pluses
<reiterations>1</reiterations></word><word>features
<reiterations>1</reiterations></word><word>function
<reiterations>1</reiterations></word><word>things
<reiterations>1</reiterations></word><word>layers
<reiterations>1</reiterations></word><word>from
<reiterations>1</reiterations></word><word>different
<reiterations>1</reiterations></word><word>communication
<reiterations>1</reiterations></word><word>all
<reiterations>1</reiterations></word><word>which
<reiterations>3</reiterations></word><word>area
<reiterations>1</reiterations></word><word>Why
<reiterations>1</reiterations></word><word>most
<reiterations>2</reiterations></word><word>important
<reiterations>1</reiterations></word><word>bookmark
<reiterations>1</reiterations></word><word>personally
<reiterations>1</reiterations></word><word>name
<reiterations>3</reiterations></word><word>playing
<reiterations>1</reiterations></word><word>plug
<reiterations>1</reiterations></word><word>Internet
<reiterations>1</reiterations></word><word>present
<reiterations>1</reiterations></word><word>game
<reiterations>1</reiterations></word><word>purpose
<reiterations>1</reiterations></word><word>for
<reiterations>1</reiterations></word><word>according
<reiterations>3</reiterations></word><word>why
<reiterations>1</reiterations></word><word>their
<reiterations>2</reiterations></word><word>choose
<reiterations>1</reiterations></word><word>video
<reiterations>3</reiterations></word><word>What
<reiterations>21</reiterations></word><word>network
<reiterations>4</reiterations></word><word>can
<reiterations>6</reiterations></word><word>operations
<reiterations>1</reiterations></word><word>engine
<reiterations>2</reiterations></word><word>genres
<reiterations>1</reiterations></word><word>and
<reiterations>7</reiterations></word><word>of
<reiterations>8</reiterations></word><word>browser
<reiterations>2</reiterations></word><word>included
<reiterations>1</reiterations></word><word>social
<reiterations>1</reiterations></word><word>perform
<reiterations>1</reiterations></word><word>baseband
<reiterations>1</reiterations></word><word>any
<reiterations>1</reiterations></word><word>way
<reiterations>1</reiterations></word><word>better
<reiterations>1</reiterations></word><word>there
<reiterations>1</reiterations></word><word>typical
<reiterations>1</reiterations></word><word>time
<reiterations>1</reiterations></word></dictionary>